<?xml version="1.0" encoding="UTF-8"?>
<GenRun Id="impl_1" LaunchPart="xc7a35tcpg236-1" LaunchTime="1541250049">
  <File Type="ROUTE-PWR" Name="Voice_Scope_TOP_power_routed.rpt"/>
  <File Type="PA-TCL" Name="Voice_Scope_TOP.tcl"/>
  <File Type="BITSTR-BMM" Name="Voice_Scope_TOP_bd.bmm"/>
  <File Type="ROUTE-PWR-SUM" Name="Voice_Scope_TOP_power_summary_routed.pb"/>
  <File Type="REPORTS-TCL" Name="Voice_Scope_TOP_reports.tcl"/>
  <File Type="OPT-DCP" Name="Voice_Scope_TOP_opt.dcp"/>
  <File Type="OPT-DRC" Name="Voice_Scope_TOP_drc_opted.rpt"/>
  <File Type="OPT-HWDEF" Name="Voice_Scope_TOP.hwdef"/>
  <File Type="PWROPT-DCP" Name="Voice_Scope_TOP_pwropt.dcp"/>
  <File Type="PLACE-DCP" Name="Voice_Scope_TOP_placed.dcp"/>
  <File Type="PLACE-IO" Name="Voice_Scope_TOP_io_placed.rpt"/>
  <File Type="PLACE-UTIL" Name="Voice_Scope_TOP_utilization_placed.rpt"/>
  <File Type="PLACE-UTIL-PB" Name="Voice_Scope_TOP_utilization_placed.pb"/>
  <File Type="PLACE-CTRL" Name="Voice_Scope_TOP_control_sets_placed.rpt"/>
  <File Type="PLACE-PRE-SIMILARITY" Name="Voice_Scope_TOP_incremental_reuse_pre_placed.rpt"/>
  <File Type="BG-BGN" Name="Voice_Scope_TOP.bgn"/>
  <File Type="POSTPLACE-PWROPT-DCP" Name="Voice_Scope_TOP_postplace_pwropt.dcp"/>
  <File Type="BG-BIN" Name="Voice_Scope_TOP.bin"/>
  <File Type="PHYSOPT-DCP" Name="Voice_Scope_TOP_physopt.dcp"/>
  <File Type="BITSTR-MSK" Name="Voice_Scope_TOP.msk"/>
  <File Type="ROUTE-ERROR-DCP" Name="Voice_Scope_TOP_routed_error.dcp"/>
  <File Type="ROUTE-DCP" Name="Voice_Scope_TOP_routed.dcp"/>
  <File Type="ROUTE-BLACKBOX-DCP" Name="Voice_Scope_TOP_routed_bb.dcp"/>
  <File Type="ROUTE-DRC" Name="Voice_Scope_TOP_drc_routed.rpt"/>
  <File Type="ROUTE-DRC-PB" Name="Voice_Scope_TOP_drc_routed.pb"/>
  <File Type="ROUTE-DRC-RPX" Name="Voice_Scope_TOP_drc_routed.rpx"/>
  <File Type="BITSTR-LTX" Name="Voice_Scope_TOP.ltx"/>
  <File Type="ROUTE-METHODOLOGY-DRC" Name="Voice_Scope_TOP_methodology_drc_routed.rpt"/>
  <File Type="BITSTR-MMI" Name="Voice_Scope_TOP.mmi"/>
  <File Type="ROUTE-METHODOLOGY-DRC-RPX" Name="Voice_Scope_TOP_methodology_drc_routed.rpx"/>
  <File Type="ROUTE-METHODOLOGY-DRC-PB" Name="Voice_Scope_TOP_methodology_drc_routed.pb"/>
  <File Type="BITSTR-SYSDEF" Name="Voice_Scope_TOP.sysdef"/>
  <File Type="ROUTE-PWR-RPX" Name="Voice_Scope_TOP_power_routed.rpx"/>
  <File Type="ROUTE-STATUS" Name="Voice_Scope_TOP_route_status.rpt"/>
  <File Type="ROUTE-STATUS-PB" Name="Voice_Scope_TOP_route_status.pb"/>
  <File Type="ROUTE-TIMINGSUMMARY" Name="Voice_Scope_TOP_timing_summary_routed.rpt"/>
  <File Type="ROUTE-TIMING-PB" Name="Voice_Scope_TOP_timing_summary_routed.pb"/>
  <File Type="ROUTE-TIMING-RPX" Name="Voice_Scope_TOP_timing_summary_routed.rpx"/>
  <File Type="ROUTE-CLK" Name="Voice_Scope_TOP_clock_utilization_routed.rpt"/>
  <File Type="ROUTE-BUS-SKEW" Name="Voice_Scope_TOP_bus_skew_routed.rpt"/>
  <File Type="ROUTE-BUS-SKEW-PB" Name="Voice_Scope_TOP_bus_skew_routed.pb"/>
  <File Type="ROUTE-BUS-SKEW-RPX" Name="Voice_Scope_TOP_bus_skew_routed.rpx"/>
  <File Type="POSTROUTE-PHYSOPT-DCP" Name="Voice_Scope_TOP_postroute_physopt.dcp"/>
  <File Type="POSTROUTE-PHYSOPT-BLACKBOX-DCP" Name="Voice_Scope_TOP_postroute_physopt_bb.dcp"/>
  <File Type="BG-BIT" Name="Voice_Scope_TOP.bit"/>
  <File Type="BITSTR-RBT" Name="Voice_Scope_TOP.rbt"/>
  <File Type="BITSTR-NKY" Name="Voice_Scope_TOP.nky"/>
  <File Type="BG-DRC" Name="Voice_Scope_TOP.drc"/>
  <File Type="RDI-RDI" Name="Voice_Scope_TOP.vdi"/>
  <File Type="WBT-USG" Name="usage_statistics_webtalk.html"/>
  <FileSet Name="sources" Type="DesignSrcs" RelSrcDir="$PSRCDIR/sources_1">
    <Filter Type="Srcs"/>
    <File Path="$PSRCDIR/sources_1/imports/new/Draw_Background.v">
      <FileInfo>
        <Attr Name="ImportPath" Val="$PPRDIR/../../../../../../../../../../EE2026 AY18-19 SEM1/Project/ForStudents/Voice_Scope_Project_Template.xpr/Voice_Scope_Project_Template/Voice_Scope_Project_Template.srcs/sources_1/new/Draw_Background.v"/>
        <Attr Name="ImportTime" Val="1537963450"/>
        <Attr Name="UsedIn" Val="synthesis"/>
        <Attr Name="UsedIn" Val="implementation"/>
        <Attr Name="UsedIn" Val="simulation"/>
      </FileInfo>
    </File>
    <File Path="$PSRCDIR/sources_1/imports/new/Draw_Waveform.v">
      <FileInfo>
        <Attr Name="ImportPath" Val="$PPRDIR/../../../../../../../../../../EE2026 AY18-19 SEM1/Project/ForStudents/Voice_Scope_Project_Template.xpr/Voice_Scope_Project_Template/Voice_Scope_Project_Template.srcs/sources_1/new/Draw_Waveform.v"/>
        <Attr Name="ImportTime" Val="1538128550"/>
        <Attr Name="UsedIn" Val="synthesis"/>
        <Attr Name="UsedIn" Val="implementation"/>
        <Attr Name="UsedIn" Val="simulation"/>
      </FileInfo>
    </File>
    <File Path="$PSRCDIR/sources_1/new/Led.v">
      <FileInfo>
        <Attr Name="ImportPath" Val="$PPRDIR/../../../../../../../../Voice_Scope_Project_Template.srcs/sources_1/new/Led.v"/>
        <Attr Name="ImportTime" Val="1541233328"/>
        <Attr Name="UsedIn" Val="synthesis"/>
        <Attr Name="UsedIn" Val="implementation"/>
        <Attr Name="UsedIn" Val="simulation"/>
      </FileInfo>
    </File>
    <File Path="$PSRCDIR/sources_1/new/TestWave_Gen.v">
      <FileInfo>
        <Attr Name="ImportPath" Val="$PPRDIR/../../../../../../../../Voice_Scope_Project_Template.srcs/sources_1/new/TestWave_Gen.v"/>
        <Attr Name="ImportTime" Val="1541230442"/>
        <Attr Name="UsedIn" Val="synthesis"/>
        <Attr Name="UsedIn" Val="implementation"/>
        <Attr Name="UsedIn" Val="simulation"/>
      </FileInfo>
    </File>
    <File Path="$PSRCDIR/sources_1/imports/new/VGA_DISPLAY.v">
      <FileInfo>
        <Attr Name="ImportPath" Val="$PPRDIR/../../../../../../../../../../EE2026 AY18-19 SEM1/Project/ForStudents/Voice_Scope_Project_Template.xpr/Voice_Scope_Project_Template/Voice_Scope_Project_Template.srcs/sources_1/new/VGA_DISPLAY.v"/>
        <Attr Name="ImportTime" Val="1537516892"/>
        <Attr Name="UsedIn" Val="synthesis"/>
        <Attr Name="UsedIn" Val="implementation"/>
        <Attr Name="UsedIn" Val="simulation"/>
      </FileInfo>
    </File>
    <File Path="$PSRCDIR/sources_1/imports/new/VOICE_CAPTURER.v">
      <FileInfo>
        <Attr Name="ImportPath" Val="$PPRDIR/../../../../../../../../../../EE2026 AY18-19 SEM1/Project/ForStudents/Voice_Scope_Project_Template.xpr/Voice_Scope_Project_Template/Voice_Scope_Project_Template.srcs/sources_1/new/VOICE_CAPTURER.v"/>
        <Attr Name="ImportTime" Val="1537514638"/>
        <Attr Name="UsedIn" Val="synthesis"/>
        <Attr Name="UsedIn" Val="implementation"/>
        <Attr Name="UsedIn" Val="simulation"/>
      </FileInfo>
    </File>
    <File Path="$PSRCDIR/sources_1/new/change_freq.v">
      <FileInfo>
        <Attr Name="ImportPath" Val="$PPRDIR/../../../../../../../../Voice_Scope_Project_Template.srcs/sources_1/new/change_freq.v"/>
        <Attr Name="ImportTime" Val="1541231264"/>
        <Attr Name="UsedIn" Val="synthesis"/>
        <Attr Name="UsedIn" Val="implementation"/>
        <Attr Name="UsedIn" Val="simulation"/>
      </FileInfo>
    </File>
    <File Path="$PSRCDIR/sources_1/new/clk_div.v">
      <FileInfo>
        <Attr Name="ImportPath" Val="$PPRDIR/../../../../../../../../Voice_Scope_Project_Template.srcs/sources_1/new/clk_div.v"/>
        <Attr Name="ImportTime" Val="1541230325"/>
        <Attr Name="UsedIn" Val="synthesis"/>
        <Attr Name="UsedIn" Val="implementation"/>
        <Attr Name="UsedIn" Val="simulation"/>
      </FileInfo>
    </File>
    <File Path="$PSRCDIR/sources_1/new/my_dff.v">
      <FileInfo>
        <Attr Name="ImportPath" Val="$PPRDIR/../../../../../../../../Voice_Scope_Project_Template.srcs/sources_1/new/my_dff.v"/>
        <Attr Name="ImportTime" Val="1541231363"/>
        <Attr Name="UsedIn" Val="synthesis"/>
        <Attr Name="UsedIn" Val="implementation"/>
        <Attr Name="UsedIn" Val="simulation"/>
      </FileInfo>
    </File>
    <File Path="$PSRCDIR/sources_1/new/seven_segment.v">
      <FileInfo>
        <Attr Name="ImportPath" Val="$PPRDIR/../../../../../../../../Voice_Scope_Project_Template.srcs/sources_1/new/seven_segment.v"/>
        <Attr Name="ImportTime" Val="1541231139"/>
        <Attr Name="UsedIn" Val="synthesis"/>
        <Attr Name="UsedIn" Val="implementation"/>
        <Attr Name="UsedIn" Val="simulation"/>
      </FileInfo>
    </File>
    <File Path="$PSRCDIR/sources_1/new/single_pulse.v">
      <FileInfo>
        <Attr Name="ImportPath" Val="$PPRDIR/../../../../../../../../Voice_Scope_Project_Template.srcs/sources_1/new/single_pulse.v"/>
        <Attr Name="ImportTime" Val="1541231309"/>
        <Attr Name="UsedIn" Val="synthesis"/>
        <Attr Name="UsedIn" Val="implementation"/>
        <Attr Name="UsedIn" Val="simulation"/>
      </FileInfo>
    </File>
    <File Path="$PSRCDIR/sources_1/new/switch.v">
      <FileInfo>
        <Attr Name="ImportPath" Val="$PPRDIR/../../../../../../../../Voice_Scope_Project_Template.srcs/sources_1/new/switch.v"/>
        <Attr Name="ImportTime" Val="1541230541"/>
        <Attr Name="UsedIn" Val="synthesis"/>
        <Attr Name="UsedIn" Val="implementation"/>
        <Attr Name="UsedIn" Val="simulation"/>
      </FileInfo>
    </File>
    <File Path="$PSRCDIR/sources_1/imports/new/CLK_108M.vhd">
      <FileInfo>
        <Attr Name="ImportPath" Val="$PPRDIR/../../../../../../../../../../EE2026 AY18-19 SEM1/Project/ForStudents/Voice_Scope_Project_Template.xpr/Voice_Scope_Project_Template/Voice_Scope_Project_Template.srcs/sources_1/new/CLK_108M.vhd"/>
        <Attr Name="ImportTime" Val="1537517914"/>
        <Attr Name="UsedIn" Val="synthesis"/>
        <Attr Name="UsedIn" Val="simulation"/>
      </FileInfo>
    </File>
    <File Path="$PSRCDIR/sources_1/imports/new/VGA_CONTROL.vhd">
      <FileInfo>
        <Attr Name="ImportPath" Val="$PPRDIR/../../../../../../../../../../EE2026 AY18-19 SEM1/Project/ForStudents/Voice_Scope_Project_Template.xpr/Voice_Scope_Project_Template/Voice_Scope_Project_Template.srcs/sources_1/new/VGA_CONTROL.vhd"/>
        <Attr Name="ImportTime" Val="1537517962"/>
        <Attr Name="UsedIn" Val="synthesis"/>
        <Attr Name="UsedIn" Val="simulation"/>
      </FileInfo>
    </File>
    <File Path="$PSRCDIR/sources_1/imports/new/Voice_Scope_TOP.v">
      <FileInfo>
        <Attr Name="ImportPath" Val="$PPRDIR/../../../../../../../../../../EE2026 AY18-19 SEM1/Project/ForStudents/Voice_Scope_Project_Template.xpr/Voice_Scope_Project_Template/Voice_Scope_Project_Template.srcs/sources_1/new/Voice_Scope_TOP.v"/>
        <Attr Name="ImportTime" Val="1538128554"/>
        <Attr Name="UsedIn" Val="synthesis"/>
        <Attr Name="UsedIn" Val="implementation"/>
        <Attr Name="UsedIn" Val="simulation"/>
      </FileInfo>
    </File>
    <File Path="$PSRCDIR/sources_1/imports/Voice_Scope_Project_Template/archive_project_summary.txt">
      <FileInfo>
        <Attr Name="ImportPath" Val="$PPRDIR/../../../../archive_project_summary.txt"/>
        <Attr Name="ImportTime" Val="1541245733"/>
      </FileInfo>
    </File>
    <Config>
      <Option Name="DesignMode" Val="RTL"/>
      <Option Name="TopModule" Val="Voice_Scope_TOP"/>
    </Config>
  </FileSet>
  <FileSet Name="constrs_in" Type="Constrs" RelSrcDir="$PSRCDIR/constrs_1">
    <Filter Type="Constrs"/>
    <File Path="$PSRCDIR/constrs_1/imports/new/Basys3_Master.xdc">
      <FileInfo>
        <Attr Name="ImportPath" Val="$PPRDIR/../../../../../../../../../../EE2026 AY18-19 SEM1/Project/ForStudents/Voice_Scope_Project_Template.xpr/Voice_Scope_Project_Template/Voice_Scope_Project_Template.srcs/constrs_1/new/Basys3_Master.xdc"/>
        <Attr Name="ImportTime" Val="1537964798"/>
        <Attr Name="UsedIn" Val="synthesis"/>
        <Attr Name="UsedIn" Val="implementation"/>
      </FileInfo>
    </File>
    <Config>
      <Option Name="ConstrsType" Val="XDC"/>
    </Config>
  </FileSet>
  <Strategy Version="1" Minor="2">
    <StratHandle Name="Vivado Implementation Defaults" Flow="Vivado Implementation 2016"/>
    <Step Id="init_design"/>
    <Step Id="opt_design"/>
    <Step Id="power_opt_design"/>
    <Step Id="place_design"/>
    <Step Id="post_place_power_opt_design"/>
    <Step Id="phys_opt_design"/>
    <Step Id="route_design"/>
    <Step Id="post_route_phys_opt_design"/>
    <Step Id="write_bitstream"/>
  </Strategy>
</GenRun>
